{
    "weights": [
        -0.004384586795388554,
        -0.00014194758843798222,
        0.003382226274201302
    ],
    "bias": -0.0003420625294655196,
    "mean": [
        2749.813216,
        2.999396,
        2006.520012
    ],
    "std": [
        1300.6043525375953,
        1.4155181507787176,
        9.808555832529883
    ]
}