{
    "weights": [
        0.39578973926450983,
        0.289020530227108,
        0.0090636583192839
    ],
    "bias": -0.001677483651413194,
    "mean": [
        1520.3482899202777,
        2.616307522298524,
        1.5856815849711896
    ],
    "std": [
        1172.4395935531477,
        1.2237897240330615,
        0.8167016286272276
    ],
    "y_mean": 105.95107309179888,
    "y_std": 131.8028510440235
}